{"cameraMode":{"drawMode":0,"name":"Shaded","section":"Shading Mode"},"sceneLighting":false,"audioPlay":false,"sceneViewState":{"showFog":true,"showMaterialUpdate":false,"showSkybox":false,"showFlares":true,"showImageEffects":true,"showParticleSystems":true},"in2DMode":false,"pivot":{"x":9.745157241821289,"y":0.9819726347923279,"z":1.4465999603271485},"rotation":{"x":-0.1022309958934784,"y":-0.49872615933418276,"z":0.05937621369957924,"w":-0.8586639165878296},"size":1.4422427415847779,"orthographic":false}