{"cameraMode":{"drawMode":0,"name":"Shaded","section":"Shading Mode"},"sceneLighting":false,"audioPlay":false,"sceneViewState":{"showFog":true,"showMaterialUpdate":false,"showSkybox":false,"showFlares":true,"showImageEffects":true,"showParticleSystems":true},"in2DMode":false,"pivot":{"x":-3.597005844116211,"y":0.676480233669281,"z":1.619802713394165},"rotation":{"x":0.06159539520740509,"y":0.676605761051178,"z":-0.05696873739361763,"w":0.7315511703491211},"size":0.9834310412406921,"orthographic":false}