{"cameraMode":{"drawMode":0,"name":"Shaded","section":"Shading Mode"},"sceneLighting":false,"audioPlay":false,"sceneViewState":{"showFog":true,"showMaterialUpdate":false,"showSkybox":false,"showFlares":true,"showImageEffects":true,"showParticleSystems":true},"in2DMode":false,"pivot":{"x":-0.07438018918037415,"y":0.9747753143310547,"z":-1.326391577720642},"rotation":{"x":0.023404650390148164,"y":0.8872221112251282,"z":-0.045287638902664188,"w":0.45851969718933108},"size":1.4978185892105103,"orthographic":false}