{"cameraMode":{"drawMode":0,"name":"Shaded","section":"Shading Mode"},"sceneLighting":false,"audioPlay":false,"sceneViewState":{"showFog":true,"showMaterialUpdate":false,"showSkybox":false,"showFlares":true,"showImageEffects":true,"showParticleSystems":true},"in2DMode":false,"pivot":{"x":0.3202018737792969,"y":0.0681970864534378,"z":0.007882867008447647},"rotation":{"x":0.028073672205209733,"y":0.9541200399398804,"z":-0.09476767480373383,"w":0.28264474868774416},"size":0.13255758583545686,"orthographic":true}