{"cameraMode":{"drawMode":0,"name":"Shaded","section":"Shading Mode"},"sceneLighting":false,"audioPlay":false,"sceneViewState":{"showFog":true,"showMaterialUpdate":false,"showSkybox":false,"showFlares":true,"showImageEffects":true,"showParticleSystems":true},"in2DMode":false,"pivot":{"x":-0.6377019882202148,"y":0.7381964325904846,"z":-1.3001965284347535},"rotation":{"x":0.006895784288644791,"y":0.9868828654289246,"z":-0.15521492063999177,"w":0.0438445620238781},"size":1.9105498790740967,"orthographic":false}