{"cameraMode":{"drawMode":0,"name":"Shaded","section":"Shading Mode"},"sceneLighting":false,"audioPlay":false,"sceneViewState":{"showFog":true,"showMaterialUpdate":false,"showSkybox":false,"showFlares":true,"showImageEffects":true,"showParticleSystems":true},"in2DMode":false,"pivot":{"x":-4.196879863739014,"y":1.0709999799728394,"z":-31.76306915283203},"rotation":{"x":-0.0074943420477211479,"y":0.9920285940170288,"z":-0.10304320603609085,"w":-0.07215023785829544},"size":1.5006380081176758,"orthographic":false}