{"cameraMode":{"drawMode":0,"name":"Shaded","section":"Shading Mode"},"sceneLighting":false,"audioPlay":false,"sceneViewState":{"showFog":true,"showMaterialUpdate":false,"showSkybox":false,"showFlares":true,"showImageEffects":true,"showParticleSystems":true},"in2DMode":false,"pivot":{"x":11.396987915039063,"y":1.279950737953186,"z":9.131999969482422},"rotation":{"x":0.0013252737699076534,"y":0.9941009283065796,"z":-0.10778237134218216,"w":0.012224639765918255},"size":0.09019435197114945,"orthographic":false}