{"cameraMode":{"drawMode":0,"name":"Shaded","section":"Shading Mode"},"sceneLighting":false,"audioPlay":false,"sceneViewState":{"showFog":true,"showMaterialUpdate":false,"showSkybox":false,"showFlares":true,"showImageEffects":true,"showParticleSystems":true},"in2DMode":false,"pivot":{"x":-2.006962299346924,"y":1.682961344718933,"z":-32.43973922729492},"rotation":{"x":-0.006881240289658308,"y":0.9929631352424622,"z":-0.08742157369852066,"w":-0.07974808663129807},"size":0.7410783171653748,"orthographic":false}