{"cameraMode":{"drawMode":0,"name":"Shaded","section":"Shading Mode"},"sceneLighting":false,"audioPlay":false,"sceneViewState":{"showFog":true,"showMaterialUpdate":false,"showSkybox":false,"showFlares":true,"showImageEffects":true,"showParticleSystems":true},"in2DMode":false,"pivot":{"x":-0.04236096143722534,"y":1.3870599269866944,"z":0.1492958515882492},"rotation":{"x":0.13394159078598023,"y":0.48649370670318606,"z":-0.07576720416545868,"w":0.860026478767395},"size":1.5682257413864136,"orthographic":false}