{"cameraMode":{"drawMode":0,"name":"Shaded","section":"Shading Mode"},"sceneLighting":false,"audioPlay":false,"sceneViewState":{"showFog":true,"showMaterialUpdate":false,"showSkybox":false,"showFlares":true,"showImageEffects":true,"showParticleSystems":true},"in2DMode":false,"pivot":{"x":0.0,"y":1.0338518619537354,"z":-1.1920928955078126e-7},"rotation":{"x":0.05394180491566658,"y":-0.9127324819564819,"z":0.12815886735916139,"w":0.38417544960975649},"size":1.0939308404922486,"orthographic":false}