{"cameraMode":{"drawMode":0,"name":"Shaded","section":"Shading Mode"},"sceneLighting":false,"audioPlay":false,"sceneViewState":{"showFog":true,"showMaterialUpdate":false,"showSkybox":false,"showFlares":true,"showImageEffects":true,"showParticleSystems":true},"in2DMode":false,"pivot":{"x":0.00821155309677124,"y":2.6110458374023439,"z":0.9948802590370178},"rotation":{"x":0.14515763521194459,"y":0.7844696044921875,"z":-0.200222909450531,"w":0.5687267184257507},"size":3.1455609798431398,"orthographic":false}