{"cameraMode":{"drawMode":0,"name":"Shaded","section":"Shading Mode"},"sceneLighting":false,"audioPlay":false,"sceneViewState":{"showFog":true,"showMaterialUpdate":false,"showSkybox":false,"showFlares":true,"showImageEffects":true,"showParticleSystems":true},"in2DMode":false,"pivot":{"x":1.7072809934616089,"y":0.9309653043746948,"z":-4.042308807373047},"rotation":{"x":0.15479089319705964,"y":-0.3523808717727661,"z":0.05921964719891548,"w":0.9210687875747681},"size":1.1277332305908204,"orthographic":false}