{"cameraMode":{"drawMode":0,"name":"Shaded","section":"Shading Mode"},"sceneLighting":false,"audioPlay":false,"sceneViewState":{"showFog":true,"showMaterialUpdate":false,"showSkybox":false,"showFlares":true,"showImageEffects":true,"showParticleSystems":true},"in2DMode":false,"pivot":{"x":-10.685583114624024,"y":1.4410463571548463,"z":-12.303595542907715},"rotation":{"x":0.013755541294813156,"y":0.986153781414032,"z":-0.12341441959142685,"w":0.1099148541688919},"size":0.17240363359451295,"orthographic":false}