{"cameraMode":{"drawMode":0,"name":"Shaded","section":"Shading Mode"},"sceneLighting":false,"audioPlay":false,"sceneViewState":{"showFog":true,"showMaterialUpdate":false,"showSkybox":false,"showFlares":true,"showImageEffects":true,"showParticleSystems":true},"in2DMode":false,"pivot":{"x":0.0039308033883571629,"y":0.16795074939727784,"z":-0.485592246055603},"rotation":{"x":-0.036786485463380817,"y":-0.33118584752082827,"z":0.012922520749270916,"w":-0.9427613615989685},"size":2.2668094635009767,"orthographic":false}