{"cameraMode":{"drawMode":0,"name":"Shaded","section":"Shading Mode"},"sceneLighting":false,"audioPlay":false,"sceneViewState":{"showFog":true,"showMaterialUpdate":false,"showSkybox":false,"showFlares":true,"showImageEffects":true,"showParticleSystems":true},"in2DMode":false,"pivot":{"x":3.614480495452881,"y":1.5566999912261963,"z":0.6119080781936646},"rotation":{"x":-0.16692087054252625,"y":-0.22957459092140199,"z":0.03999842330813408,"w":-0.9580404162406921},"size":0.6698018312454224,"orthographic":false}