{"cameraMode":{"drawMode":0,"name":"Shaded","section":"Shading Mode"},"sceneLighting":false,"audioPlay":false,"sceneViewState":{"showFog":true,"showMaterialUpdate":false,"showSkybox":false,"showFlares":true,"showImageEffects":true,"showParticleSystems":true},"in2DMode":false,"pivot":{"x":-0.091335728764534,"y":0.44476085901260378,"z":0.006998181343078613},"rotation":{"x":-0.04914475604891777,"y":0.6996938586235046,"z":-0.048355769366025928,"w":-0.7111110687255859},"size":0.8026145696640015,"orthographic":false}