{"cameraMode":{"drawMode":0,"name":"Shaded","section":"Shading Mode"},"sceneLighting":false,"audioPlay":false,"sceneViewState":{"showFog":true,"showMaterialUpdate":false,"showSkybox":false,"showFlares":true,"showImageEffects":true,"showParticleSystems":true},"in2DMode":false,"pivot":{"x":0.4000000059604645,"y":0.9672410488128662,"z":3.9409000873565676},"rotation":{"x":-0.0867689922451973,"y":0.642460823059082,"z":-0.07355928421020508,"w":-0.7578305602073669},"size":1.5073950290679932,"orthographic":false}