{"cameraMode":{"drawMode":0,"name":"Shaded","section":"Shading Mode"},"sceneLighting":false,"audioPlay":false,"sceneViewState":{"showFog":true,"showMaterialUpdate":false,"showSkybox":false,"showFlares":true,"showImageEffects":true,"showParticleSystems":true},"in2DMode":false,"pivot":{"x":-1.7836151123046876,"y":0.6409463882446289,"z":-10.722249984741211},"rotation":{"x":0.033320873975753787,"y":0.9632791876792908,"z":-0.1426309049129486,"w":0.22503753006458283},"size":2.0165510177612306,"orthographic":false}