{"cameraMode":{"drawMode":0,"name":"Shaded","section":"Shading Mode"},"sceneLighting":false,"audioPlay":false,"sceneViewState":{"showFog":true,"showMaterialUpdate":false,"showSkybox":false,"showFlares":true,"showImageEffects":true,"showParticleSystems":true},"in2DMode":false,"pivot":{"x":-12.020684242248536,"y":1.5052199363708497,"z":-12.165311813354493},"rotation":{"x":0.05637267231941223,"y":-0.9408676624298096,"z":0.1961165815591812,"w":0.27044689655303957},"size":2.2110097408294679,"orthographic":false}