{"cameraMode":{"drawMode":0,"name":"Shaded","section":"Shading Mode"},"sceneLighting":false,"audioPlay":false,"sceneViewState":{"showFog":true,"showMaterialUpdate":false,"showSkybox":false,"showFlares":true,"showImageEffects":true,"showParticleSystems":true},"in2DMode":false,"pivot":{"x":-0.04617169499397278,"y":0.9442042708396912,"z":-3.9289469718933107},"rotation":{"x":0.020068088546395303,"y":0.9665952920913696,"z":-0.0799255520105362,"w":0.24269795417785645},"size":0.6678120493888855,"orthographic":true}