{"cameraMode":{"drawMode":0,"name":"Shaded","section":"Shading Mode"},"sceneLighting":true,"audioPlay":false,"sceneViewState":{"showFog":true,"showMaterialUpdate":false,"showSkybox":false,"showFlares":true,"showImageEffects":true,"showParticleSystems":true},"in2DMode":false,"pivot":{"x":-7.727598190307617,"y":7.005453109741211,"z":-11.508617401123047},"rotation":{"x":0.016806932166218759,"y":-0.9791139364242554,"z":0.18120844662189485,"w":0.0910446047782898},"size":12.12435531616211,"orthographic":false}