{"cameraMode":{"drawMode":0,"name":"Shaded","section":"Shading Mode"},"sceneLighting":false,"audioPlay":false,"sceneViewState":{"showFog":true,"showMaterialUpdate":false,"showSkybox":false,"showFlares":true,"showImageEffects":true,"showParticleSystems":true},"in2DMode":false,"pivot":{"x":-0.08067953586578369,"y":0.13346290588378907,"z":-0.6196206212043762},"rotation":{"x":0.01895710453391075,"y":0.9059529304504395,"z":0.040795426815748218,"w":-0.42098426818847659},"size":1.4527807235717774,"orthographic":false}