{"cameraMode":{"drawMode":0,"name":"Shaded","section":"Shading Mode"},"sceneLighting":false,"audioPlay":false,"sceneViewState":{"showFog":true,"showMaterialUpdate":false,"showSkybox":false,"showFlares":true,"showImageEffects":true,"showParticleSystems":true},"in2DMode":false,"pivot":{"x":1.3700001239776612,"y":1.0,"z":-10.171319961547852},"rotation":{"x":0.0021438482217490675,"y":0.9964802861213684,"z":-0.07938755303621292,"w":0.02691151760518551},"size":2.9860782623291017,"orthographic":false}