{"cameraMode":{"drawMode":0,"name":"Shaded","section":"Shading Mode"},"sceneLighting":false,"audioPlay":false,"sceneViewState":{"showFog":true,"showMaterialUpdate":false,"showSkybox":false,"showFlares":true,"showImageEffects":true,"showParticleSystems":true},"in2DMode":false,"pivot":{"x":0.0926482081413269,"y":0.7020804286003113,"z":1.8685741424560547},"rotation":{"x":0.027019400149583818,"y":0.9468364119529724,"z":-0.08258283883333206,"w":0.30977705121040347},"size":0.862153947353363,"orthographic":false}