{"cameraMode":{"drawMode":0,"name":"Shaded","section":"Shading Mode"},"sceneLighting":false,"audioPlay":false,"sceneViewState":{"showFog":true,"showMaterialUpdate":false,"showSkybox":false,"showFlares":true,"showImageEffects":true,"showParticleSystems":true},"in2DMode":false,"pivot":{"x":-0.46721410751342776,"y":0.44031280279159548,"z":-0.0002455711364746094},"rotation":{"x":0.11819310486316681,"y":0.7343855500221252,"z":-0.13249798119068147,"w":0.6550986766815186},"size":2.240494728088379,"orthographic":false}